タイトル,ソース,URL,日付,記事タイプ,作家名,作品・シリーズ・写真集・展示名,判定ストリートジャンル,一致キーワード,関連度スコア,選んだ理由,自分の撮影に役立ちそうな点
Claudia Andujar – Genocídio do Yanomami,VOID,https://void.photo/genocidio-do-yanomami,不明,写真集 (Photobook),Claudia Andujar,Genocídio do Yanomami,静かな物語 (Silent Stories),"photo book, publisher",21.05,写真集、モノグラフ、ZINE、出版社に関する語があり、作品が編集・順序・出版を通じて形になっている記事です。,"ストリート写真を単発の1枚ではなく、写真集としてどう構成できるかを学ぶ材料になります。 一致キーワード（photo book, publisher）を、記事を読むときの観察メモとして使えます。 特に、不在、痕跡、記憶、静かな人の気配に注目すると撮影へ転用しやすいです。"
Pia Paulina Guilmoth & Jesse Bull Saffire – Fishworm,VOID,https://void.photo/fishworm,不明,写真集 (Photobook),Pia Paulina Guilmoth & Jesse Bull Saffire,Fishworm,静かな物語 (Silent Stories),"photo book, publisher",21.05,写真集、モノグラフ、ZINE、出版社に関する語があり、作品が編集・順序・出版を通じて形になっている記事です。,"ストリート写真を単発の1枚ではなく、写真集としてどう構成できるかを学ぶ材料になります。 一致キーワード（photo book, publisher）を、記事を読むときの観察メモとして使えます。 特に、不在、痕跡、記憶、静かな人の気配に注目すると撮影へ転用しやすいです。"
Joselito Verschaeve – As Long As The Sun Lasts,VOID,https://void.photo/as-long-as-the-sun-lasts,不明,写真集 (Photobook),Joselito Verschaeve,As Long As The Sun Lasts,静かな物語 (Silent Stories),"photo book, publisher",21.05,写真集、モノグラフ、ZINE、出版社に関する語があり、作品が編集・順序・出版を通じて形になっている記事です。,"ストリート写真を単発の1枚ではなく、写真集としてどう構成できるかを学ぶ材料になります。 一致キーワード（photo book, publisher）を、記事を読むときの観察メモとして使えます。 特に、不在、痕跡、記憶、静かな人の気配に注目すると撮影へ転用しやすいです。"
Jeff Mermelstein – What if Jeff were a Butterfly?,VOID,https://void.photo/what-if-jeff-were-a-butterfly,不明,写真集 (Photobook),Jeff Mermelstein,What if Jeff were a Butterfly?,静かな物語 (Silent Stories),"photo book, publisher",21.05,写真集、モノグラフ、ZINE、出版社に関する語があり、作品が編集・順序・出版を通じて形になっている記事です。,"ストリート写真を単発の1枚ではなく、写真集としてどう構成できるかを学ぶ材料になります。 一致キーワード（photo book, publisher）を、記事を読むときの観察メモとして使えます。 特に、不在、痕跡、記憶、静かな人の気配に注目すると撮影へ転用しやすいです。"
Siri Kaur – Sistermoon,VOID,https://void.photo/sistermoon,不明,写真集 (Photobook),Siri Kaur,Sistermoon,静かな物語 (Silent Stories),"photo book, publisher",21.05,写真集、モノグラフ、ZINE、出版社に関する語があり、作品が編集・順序・出版を通じて形になっている記事です。,"ストリート写真を単発の1枚ではなく、写真集としてどう構成できるかを学ぶ材料になります。 一致キーワード（photo book, publisher）を、記事を読むときの観察メモとして使えます。 特に、不在、痕跡、記憶、静かな人の気配に注目すると撮影へ転用しやすいです。"
Raymond Thompson Jr – It’s hard to stop rebels that time travel,VOID,https://void.photo/its-hard-to-stop-rebels-that-time-travel,不明,写真集 (Photobook),Raymond Thompson Jr,It’s hard to stop rebels that time travel,静かな物語 (Silent Stories),"photo book, publisher",21.05,写真集、モノグラフ、ZINE、出版社に関する語があり、作品が編集・順序・出版を通じて形になっている記事です。,"ストリート写真を単発の1枚ではなく、写真集としてどう構成できるかを学ぶ材料になります。 一致キーワード（photo book, publisher）を、記事を読むときの観察メモとして使えます。 特に、不在、痕跡、記憶、静かな人の気配に注目すると撮影へ転用しやすいです。"
JH Engström – Dimma Brume Mist,VOID,https://void.photo/dimma-brume-mist,不明,写真集 (Photobook),JH Engström,Dimma Brume Mist,静かな物語 (Silent Stories),"photo book, publisher",21.05,写真集、モノグラフ、ZINE、出版社に関する語があり、作品が編集・順序・出版を通じて形になっている記事です。,"ストリート写真を単発の1枚ではなく、写真集としてどう構成できるかを学ぶ材料になります。 一致キーワード（photo book, publisher）を、記事を読むときの観察メモとして使えます。 特に、不在、痕跡、記憶、静かな人の気配に注目すると撮影へ転用しやすいです。"
Tehching Hsieh – One Year Performance 1978–1979,VOID,https://void.photo/one-year-performance-1978-1979,不明,写真集 (Photobook),Tehching Hsieh,One Year Performance 1978–1979,静かな物語 (Silent Stories),"photo book, publisher",21.05,写真集、モノグラフ、ZINE、出版社に関する語があり、作品が編集・順序・出版を通じて形になっている記事です。,"ストリート写真を単発の1枚ではなく、写真集としてどう構成できるかを学ぶ材料になります。 一致キーワード（photo book, publisher）を、記事を読むときの観察メモとして使えます。 特に、不在、痕跡、記憶、静かな人の気配に注目すると撮影へ転用しやすいです。"
Photobook Review: Goalkeepers – From The Fields Of Europe By Hans Van Der Meer,PhMuseum,https://phmuseum.com/news/photobook-review-goalkeepers-from-the-fields-of-europe-by-hans-van-der-meer,不明,写真集 (Photobook),Photobook Review: Goalkeepers,From The Fields Of Europe,静かな物語 (Silent Stories),"photobook, review",20.05,写真集、モノグラフ、ZINE、出版社に関する語があり、作品が編集・順序・出版を通じて形になっている記事です。,"ストリート写真を単発の1枚ではなく、写真集としてどう構成できるかを学ぶ材料になります。 一致キーワード（photobook, review）を、記事を読むときの観察メモとして使えます。 特に、不在、痕跡、記憶、静かな人の気配に注目すると撮影へ転用しやすいです。"
“Transcendent Country of the Mind” by Sari Soininen,Burn Magazine,https://www.burnmagazine.org/essays/2023/05/transcendent-country-of-the-mind-by-sari-soininen/,2023-05-27,ポートフォリオ/シリーズ (Portfolio or Series),Sari Soininen,Transcendent Country of the Mind,ファインアート・ストリート (Fine Art Street),project,19.65,単発ニュースではなく、まとまった作品シリーズ、プロジェクト、ポートフォリオを紹介している可能性が高い記事です。,反復するモチーフ、写真の並び、編集、1枚ずつの写真がどう意味を積み重ねるかを考える材料になります。 一致キーワード（project）を、記事を読むときの観察メモとして使えます。 構図、色、写真の並び、展示文脈によって日常の街の素材が作品になる過程を見ると参考になります。
“Mezen: By Sky’s Edge” by Emil Gataullin,Burn Magazine,https://www.burnmagazine.org/essays/2022/12/mezen-by-skys-edge-by-emil-gataullin/,2022-12-08,ポートフォリオ/シリーズ (Portfolio or Series),Sky’s Edge,Mezen: By Sky’s Edge,ファインアート・ストリート (Fine Art Street),project,19.65,単発ニュースではなく、まとまった作品シリーズ、プロジェクト、ポートフォリオを紹介している可能性が高い記事です。,反復するモチーフ、写真の並び、編集、1枚ずつの写真がどう意味を積み重ねるかを考える材料になります。 一致キーワード（project）を、記事を読むときの観察メモとして使えます。 構図、色、写真の並び、展示文脈によって日常の街の素材が作品になる過程を見ると参考になります。
Jan Staller – Manhattan Project,Photobook Journal,https://photobookjournal.com/2026/06/11/jan-staller-manhattan-project/,2026-06-11,ポートフォリオ/シリーズ (Portfolio or Series),Jan Staller,Manhattan Project,ファインアート・ストリート (Fine Art Street),"city, project, review",19.65,単発ニュースではなく、まとまった作品シリーズ、プロジェクト、ポートフォリオを紹介している可能性が高い記事です。,"反復するモチーフ、写真の並び、編集、1枚ずつの写真がどう意味を積み重ねるかを考える材料になります。 一致キーワード（city, project, review）を、記事を読むときの観察メモとして使えます。 構図、色、写真の並び、展示文脈によって日常の街の素材が作品になる過程を見ると参考になります。"
Alejandro Morales – El Retrato De Tu Ausencia (Portrait of Your Absence),Photobook Journal,https://photobookjournal.com/2026/06/22/alejandro-morales-el-retrato-de-tu-ausencia-portrait-of-your-absence/,2026-06-22,その他 (Other),Alejandro Morales,El Retrato De Tu Ausencia (Portrait of Your Absence),静かな物語 (Silent Stories),"absence, portrait, review",19.55,一部のストリート写真関連シグナルには一致していますが、記事タイプの根拠は弱めです。,"文脈把握として慎重に読み、作家・作品・写真集・展示・受賞との関係が見える場合だけ優先してください。 一致キーワード（absence, portrait, review）を、記事を読むときの観察メモとして使えます。 人が去った後に残る痕跡、不在、記憶、使われた気配を探す視点に転用できます。 特に、不在、痕跡、記憶、静かな人の気配に注目すると撮影へ転用しやすいです。"
Hali Autumn – A Lineage of Spectral Femininity,Photobook Journal,https://photobookjournal.com/2026/06/18/hali-autumn-a-lineage-of-spectral-femininity/,2026-06-18,その他 (Other),Hali Autumn,A Lineage of Spectral Femininity,静かな物語 (Silent Stories),"review, trace",19.55,一部のストリート写真関連シグナルには一致していますが、記事タイプの根拠は弱めです。,"文脈把握として慎重に読み、作家・作品・写真集・展示・受賞との関係が見える場合だけ優先してください。 一致キーワード（review, trace）を、記事を読むときの観察メモとして使えます。 人が去った後に残る痕跡、不在、記憶、使われた気配を探す視点に転用できます。 特に、不在、痕跡、記憶、静かな人の気配に注目すると撮影へ転用しやすいです。"
Magnum Book Club: And They Laughed at Me,Magnum Photos,https://www.magnumphotos.com/theory-and-practice/photobooks/magnum-book-club-and-they-laughed-at-me/,2026-06-26,作家特集 (Photographer Feature),And They Laughed,And They Laughed at Me,静かな物語 (Silent Stories),practice,19.05,一般的な写真ニュースではなく、特定の作家やアーティストの視点・活動に焦点が当たっているため選びました。,一人の作家がどのように視点、被写体との距離、反復する関心を作っているかを見る材料になります。 一致キーワード（practice）を、記事を読むときの観察メモとして使えます。 特に、不在、痕跡、記憶、静かな人の気配に注目すると撮影へ転用しやすいです。
Huda Abdulmughni – Qeshm Doors,Photobook Journal,https://photobookjournal.com/2026/06/08/huda-abdulmughni-qeshm-doors/,2026-06-08,作家特集 (Photographer Feature),Huda Abdulmughni,Qeshm Doors,静かな物語 (Silent Stories),"photographer, review",19.05,一般的な写真ニュースではなく、特定の作家やアーティストの視点・活動に焦点が当たっているため選びました。,"一人の作家がどのように視点、被写体との距離、反復する関心を作っているかを見る材料になります。 一致キーワード（photographer, review）を、記事を読むときの観察メモとして使えます。 特に、不在、痕跡、記憶、静かな人の気配に注目すると撮影へ転用しやすいです。"
Behind the Image: Werner Bischof and the Devin Tricolor,Magnum Photos,https://www.magnumphotos.com/theory-and-practice/behind-the-image-werner-bischof-and-the-devin-tricolor/,2026-06-10,作家特集 (Photographer Feature),Devin Tricolor,Werner Bischof and the Devin Tricolor,静かな物語 (Silent Stories),practice,18.05,一般的な写真ニュースではなく、特定の作家やアーティストの視点・活動に焦点が当たっているため選びました。,一人の作家がどのように視点、被写体との距離、反復する関心を作っているかを見る材料になります。 一致キーワード（practice）を、記事を読むときの観察メモとして使えます。 特に、不在、痕跡、記憶、静かな人の気配に注目すると撮影へ転用しやすいです。
Enid Crow: American Values,Lenscratch,https://lenscratch.com/2026/07/enid-crow-american-values/,2026-07-05,ポートフォリオ/シリーズ (Portfolio or Series),American Values,American Values,ユーモア/決定的瞬間 (Humor or Decisive Moment),"humor, series",16.10,単発ニュースではなく、まとまった作品シリーズ、プロジェクト、ポートフォリオを紹介している可能性が高い記事です。,"反復するモチーフ、写真の並び、編集、1枚ずつの写真がどう意味を積み重ねるかを考える材料になります。 一致キーワード（humor, series）を、記事を読むときの観察メモとして使えます。 すぐに撮って終わりにせず、タイミング、身振り、並置が揃う位置を探す練習になります。 タイミング、身振り、並置、瞬間が読み取れる立ち位置を観察すると撮影に活かせます。"
Drone Logic: Noah Chasin on Stephen Shore’s ‘Topographies’,MACK,https://mackbooks.co.uk/blogs/news/drone-logic-noah-chasin-on-stephen-shore-s-topographies,2023-02-14,ポートフォリオ/シリーズ (Portfolio or Series),Noah Chasin,Stephen Shore’s ‘Topographies’,都市風景 (Urban Landscape),"landscape, series",16.00,単発ニュースではなく、まとまった作品シリーズ、プロジェクト、ポートフォリオを紹介している可能性が高い記事です。,"反復するモチーフ、写真の並び、編集、1枚ずつの写真がどう意味を積み重ねるかを考える材料になります。 一致キーワード（landscape, series）を、記事を読むときの観察メモとして使えます。 公共空間、サイン、幾何学的な構成、人が都市の画面をどう動かすかを見ると応用しやすいです。"
Time’s Registration: Helen Molesworth on Two Portraits of Hilton Als,MACK,https://mackbooks.co.uk/blogs/news/time-s-registration-helen-molesworth-on-two-portraits-of-hilton-als,2023-02-03,作家特集 (Photographer Feature),Helen Molesworth,Two Portraits of Hilton Als,ストリートポートレート (Street Portrait),"photographer, portraits",15.80,一般的な写真ニュースではなく、特定の作家やアーティストの視点・活動に焦点が当たっているため選びました。,"一人の作家がどのように視点、被写体との距離、反復する関心を作っているかを見る材料になります。 一致キーワード（photographer, portraits）を、記事を読むときの観察メモとして使えます。"
Falling under the map: Sasha Yazov’s airbrush art of The Sims turns pixels to paint,It's Nice That,https://www.itsnicethat.com/articles/sasha-yazov-art-project-300626,2026-06-30,ポートフォリオ/シリーズ (Portfolio or Series),The Sims,Sasha Yazov’s airbrush art of The Sims turns pixels to paint,ファインアート・ストリート (Fine Art Street),project,15.65,単発ニュースではなく、まとまった作品シリーズ、プロジェクト、ポートフォリオを紹介している可能性が高い記事です。,反復するモチーフ、写真の並び、編集、1枚ずつの写真がどう意味を積み重ねるかを考える材料になります。 一致キーワード（project）を、記事を読むときの観察メモとして使えます。 構図、色、写真の並び、展示文脈によって日常の街の素材が作品になる過程を見ると参考になります。
“Do anything except what’s right in front of you”: Matt Dorfman on designing book covers,It's Nice That,https://www.itsnicethat.com/articles/matt-dorfman-graphic-design-project-2906256,2026-06-29,ポートフォリオ/シリーズ (Portfolio or Series),Matt Dorfman,Do anything except what’s right in front of you,ファインアート・ストリート (Fine Art Street),"project, review",15.65,単発ニュースではなく、まとまった作品シリーズ、プロジェクト、ポートフォリオを紹介している可能性が高い記事です。,"反復するモチーフ、写真の並び、編集、1枚ずつの写真がどう意味を積み重ねるかを考える材料になります。 一致キーワード（project, review）を、記事を読むときの観察メモとして使えます。 構図、色、写真の並び、展示文脈によって日常の街の素材が作品になる過程を見ると参考になります。"
A family Super 8 archive from the 70s led Nina Maria Allmoslechner to make her first photobook,It's Nice That,https://www.itsnicethat.com/articles/nina-maria-allmoslechner-when-white-blankets-photography-project-290626,2026-06-29,写真集 (Photobook),Nina Maria Allmoslechner,不明,静かな物語 (Silent Stories),"memory, photobook, project",15.55,写真集、モノグラフ、ZINE、出版社に関する語があり、作品が編集・順序・出版を通じて形になっている記事です。,"ストリート写真を単発の1枚ではなく、写真集としてどう構成できるかを学ぶ材料になります。 一致キーワード（memory, photobook, project）を、記事を読むときの観察メモとして使えます。 人が去った後に残る痕跡、不在、記憶、使われた気配を探す視点に転用できます。 特に、不在、痕跡、記憶、静かな人の気配に注目すると撮影へ転用しやすいです。"
Herbert List x Zied Ben Romdhane: Under the Same Sun,Magnum Photos,https://www.magnumphotos.com/arts-culture/exhibitions/under-the-same-sun-herbert-list-x-zied-ben-romdhane/,2026-06-19,その他 (Other),Same Sun,Under the Same Sun,静かな物語 (Silent Stories),なし,15.05,一部のストリート写真関連シグナルには一致していますが、記事タイプの根拠は弱めです。,文脈把握として慎重に読み、作家・作品・写真集・展示・受賞との関係が見える場合だけ優先してください。 特に、不在、痕跡、記憶、静かな人の気配に注目すると撮影へ転用しやすいです。
“Every one in the world is a flower”: Photographer Da’Shaunae Marisa on the importance of grief and knowing your roots,It's Nice That,https://www.itsnicethat.com/articles/da-shaunae-marisa-nicer-tuesdays-la-300626,2026-06-30,作家特集 (Photographer Feature),Photographer Da’Shaunae Marisa,Every one in the world is a flower,静かな物語 (Silent Stories),photographer,15.05,一般的な写真ニュースではなく、特定の作家やアーティストの視点・活動に焦点が当たっているため選びました。,一人の作家がどのように視点、被写体との距離、反復する関心を作っているかを見る材料になります。 一致キーワード（photographer）を、記事を読むときの観察メモとして使えます。 特に、不在、痕跡、記憶、静かな人の気配に注目すると撮影へ転用しやすいです。
Xenia Nikolskaya – The House My Grandfather Built,Photobook Journal,https://photobookjournal.com/2026/07/02/xenia-nikolskaya-the-house-my-grandfather-built/,2026-07-02,写真集 (Photobook),Xenia Nikolskaya,The House My Grandfather Built,静かな物語 (Silent Stories),"photobook, review",15.05,写真集、モノグラフ、ZINE、出版社に関する語があり、作品が編集・順序・出版を通じて形になっている記事です。,"ストリート写真を単発の1枚ではなく、写真集としてどう構成できるかを学ぶ材料になります。 一致キーワード（photobook, review）を、記事を読むときの観察メモとして使えます。 特に、不在、痕跡、記憶、静かな人の気配に注目すると撮影へ転用しやすいです。"
Elizabeth Clark Libert – Boy Crazy,Photobook Journal,https://photobookjournal.com/2026/06/29/elizabeth-clark-libert-boy-crazy/,2026-06-29,その他 (Other),Elizabeth Clark Libert,Boy Crazy,静かな物語 (Silent Stories),review,15.05,一部のストリート写真関連シグナルには一致していますが、記事タイプの根拠は弱めです。,文脈把握として慎重に読み、作家・作品・写真集・展示・受賞との関係が見える場合だけ優先してください。 一致キーワード（review）を、記事を読むときの観察メモとして使えます。 特に、不在、痕跡、記憶、静かな人の気配に注目すると撮影へ転用しやすいです。
Virginia McGee Richards — The Inner Passage: An untold story of Black resistance along a Southern waterway,Photobook Journal,https://photobookjournal.com/2026/06/25/virginia-mcgee-richards-the-inner-passage-an-untold-story-of-black-resistance-along-a-southern-waterway/,2026-06-25,その他 (Other),The Inner Passage,An untold story of Black resistance along a Southern waterway,静かな物語 (Silent Stories),review,15.05,一部のストリート写真関連シグナルには一致していますが、記事タイプの根拠は弱めです。,文脈把握として慎重に読み、作家・作品・写真集・展示・受賞との関係が見える場合だけ優先してください。 一致キーワード（review）を、記事を読むときの観察メモとして使えます。 特に、不在、痕跡、記憶、静かな人の気配に注目すると撮影へ転用しやすいです。
Tom Lyon and Pauline Vanden Neste – On est venus ici pour la vue (We came here for the view),Photobook Journal,https://photobookjournal.com/2026/06/15/tom-lyon-and-pauline-vanden-neste-on-est-venus-ici-pour-la-vue-we-came-here-for-the-view/,2026-06-15,その他 (Other),Tom Lyon and Pauline Vanden Neste,On est venus ici pour la vue (We came here for the view),静かな物語 (Silent Stories),review,15.05,一部のストリート写真関連シグナルには一致していますが、記事タイプの根拠は弱めです。,文脈把握として慎重に読み、作家・作品・写真集・展示・受賞との関係が見える場合だけ優先してください。 一致キーワード（review）を、記事を読むときの観察メモとして使えます。 特に、不在、痕跡、記憶、静かな人の気配に注目すると撮影へ転用しやすいです。
Michael Torosian – Lumiere Press: Printer Savant & Other Stories,Photobook Journal,https://photobookjournal.com/2026/06/06/michael-torosian-lumiere-press-printer-savant-other-stories/,2026-06-06,その他 (Other),Michael Torosian,Lumiere Press: Printer Savant & Other Stories,静かな物語 (Silent Stories),review,15.05,一部のストリート写真関連シグナルには一致していますが、記事タイプの根拠は弱めです。,文脈把握として慎重に読み、作家・作品・写真集・展示・受賞との関係が見える場合だけ優先してください。 一致キーワード（review）を、記事を読むときの観察メモとして使えます。 特に、不在、痕跡、記憶、静かな人の気配に注目すると撮影へ転用しやすいです。
Dimitri Bogachuk – Atlantic,Photobook Journal,https://photobookjournal.com/2026/06/04/dimitri-bogachuk-atlantic/,2026-06-04,写真集 (Photobook),Dimitri Bogachuk,Atlantic,静かな物語 (Silent Stories),"photobook, publisher, review",15.05,写真集、モノグラフ、ZINE、出版社に関する語があり、作品が編集・順序・出版を通じて形になっている記事です。,"ストリート写真を単発の1枚ではなく、写真集としてどう構成できるかを学ぶ材料になります。 一致キーワード（photobook, publisher, review）を、記事を読むときの観察メモとして使えます。 特に、不在、痕跡、記憶、静かな人の気配に注目すると撮影へ転用しやすいです。"
Japanese language exhibition tour: Japanese Women Photographers,The Photographers' Gallery,https://thephotographersgallery.org.uk/whats-on/japanese-language-exhibition-tour-japanese-women-photographers,不明,展示 (Exhibition),Japanese Women Photographers,Japanese Women Photographers,ファインアート・ストリート (Fine Art Street),exhibition,13.90,展示、ギャラリー、美術館に関する語があり、作品がどのように文脈化されているかを見られる記事です。,キュレーション、写真の順番、展示サイズ、ストリート写真が空間体験になる方法を学ぶ材料になります。 一致キーワード（exhibition）を、記事を読むときの観察メモとして使えます。 構図、色、写真の並び、展示文脈によって日常の街の素材が作品になる過程を見ると参考になります。
Japanese Women Photographers: From 1950s to Now,The Photographers' Gallery,https://thephotographersgallery.org.uk/whats-on/japanese-women-photographers-1950s-now,不明,その他 (Other),Japanese Women Photographers,From 1950s to Now,静かな物語 (Silent Stories),なし,13.05,一部のストリート写真関連シグナルには一致していますが、記事タイプの根拠は弱めです。,文脈把握として慎重に読み、作家・作品・写真集・展示・受賞との関係が見える場合だけ優先してください。 特に、不在、痕跡、記憶、静かな人の気配に注目すると撮影へ転用しやすいです。
Sayuri Ichida: Playing the Piano Upstairs,The Photographers' Gallery,https://thephotographersgallery.org.uk/whats-on/sayuri-ichida-playing-piano-upstairs,不明,その他 (Other),Piano Upstairs,Playing the Piano Upstairs,静かな物語 (Silent Stories),なし,13.05,一部のストリート写真関連シグナルには一致していますが、記事タイプの根拠は弱めです。,文脈把握として慎重に読み、作家・作品・写真集・展示・受賞との関係が見える場合だけ優先してください。 特に、不在、痕跡、記憶、静かな人の気配に注目すると撮影へ転用しやすいです。
Curator Tour: Japanese Women Photographers,The Photographers' Gallery,https://thephotographersgallery.org.uk/whats-on/curator-tour-japanese-women-photographers,不明,その他 (Other),Japanese Women Photographers,Japanese Women Photographers,静かな物語 (Silent Stories),なし,13.05,一部のストリート写真関連シグナルには一致していますが、記事タイプの根拠は弱めです。,文脈把握として慎重に読み、作家・作品・写真集・展示・受賞との関係が見える場合だけ優先してください。 特に、不在、痕跡、記憶、静かな人の気配に注目すると撮影へ転用しやすいです。
Winner Announced: Nikon Emerging Photographer Award 2026,Photo London,https://photolondon.org/winner-announced-photo-london-x-nikon-emerging-photographer-award-2026/,不明,受賞/コンテスト結果 (Award or Contest Result),Nikon Emerging Photographer,Nikon Emerging Photographer Award 2026,静かな物語 (Silent Stories),"award, winner",13.05,受賞、ファイナリスト、ショートリストなどの語があり、外部評価を受けた作品を確認できる記事です。,"審査で評価される主題、編集、視覚的な挑戦、現代のストリート写真表現を比較する材料になります。 一致キーワード（award, winner）を、記事を読むときの観察メモとして使えます。 特に、不在、痕跡、記憶、静かな人の気配に注目すると撮影へ転用しやすいです。"
2026 Nikon Emerging Photographer Award: Shortlist Announced,Photo London,https://photolondon.org/2026-nikon-emerging-photographer-award-shortlist-announced/,不明,受賞/コンテスト結果 (Award or Contest Result),Shortlist Announced,Shortlist Announced,静かな物語 (Silent Stories),"award, shortlist",13.05,受賞、ファイナリスト、ショートリストなどの語があり、外部評価を受けた作品を確認できる記事です。,"審査で評価される主題、編集、視覚的な挑戦、現代のストリート写真表現を比較する材料になります。 一致キーワード（award, shortlist）を、記事を読むときの観察メモとして使えます。 特に、不在、痕跡、記憶、静かな人の気配に注目すると撮影へ転用しやすいです。"
13 Photobooks For Spring 2026,PhMuseum,https://phmuseum.com/news/a-spring-guide-to-photobooks,不明,受賞/コンテスト結果 (Award or Contest Result),Photobooks For Spring,不明,静かな物語 (Silent Stories),"awards, guide",12.05,受賞、ファイナリスト、ショートリストなどの語があり、外部評価を受けた作品を確認できる記事です。,"審査で評価される主題、編集、視覚的な挑戦、現代のストリート写真表現を比較する材料になります。 一致キーワード（awards, guide）を、記事を読むときの観察メモとして使えます。 特に、不在、痕跡、記憶、静かな人の気配に注目すると撮影へ転用しやすいです。"
Sasha Kurmaz’s Red Horse wins the 2026 Kraszna-Krausz Photography Book Award,British Journal of Photography / 1854,https://www.1854.photography/2026/06/sasha-kurmaz-kraszna-krausz/,2026-06,受賞/コンテスト結果 (Award or Contest Result),Kraszna-Krausz Photography Book,不明,静かな物語 (Silent Stories),award,11.05,受賞、ファイナリスト、ショートリストなどの語があり、外部評価を受けた作品を確認できる記事です。,審査で評価される主題、編集、視覚的な挑戦、現代のストリート写真表現を比較する材料になります。 一致キーワード（award）を、記事を読むときの観察メモとして使えます。 特に、不在、痕跡、記憶、静かな人の気配に注目すると撮影へ転用しやすいです。
Color Photography Award,The Independent Photographer,https://independent-photo.com/news/color-award-2026/,2026-05-18,受賞/コンテスト結果 (Award or Contest Result),Color Photography Award,不明,ファインアート・ストリート (Fine Art Street),"award, color",10.80,受賞、ファイナリスト、ショートリストなどの語があり、外部評価を受けた作品を確認できる記事です。,"審査で評価される主題、編集、視覚的な挑戦、現代のストリート写真表現を比較する材料になります。 一致キーワード（award, color）を、記事を読むときの観察メモとして使えます。 光と影、幾何学、色、構図、サインなどを撮影時の具体的な制約に置き換えて試せます。 構図、色、写真の並び、展示文脈によって日常の街の素材が作品になる過程を見ると参考になります。"
Antoine d’Agata: Méthode,Magnum Photos,https://www.magnumphotos.com/theory-and-practice/photobooks/antoine-dagata-methode/,2026-05-21,作家特集 (Photographer Feature),不明,Méthode,静かな物語 (Silent Stories),practice,10.05,一般的な写真ニュースではなく、特定の作家やアーティストの視点・活動に焦点が当たっているため選びました。,一人の作家がどのように視点、被写体との距離、反復する関心を作っているかを見る材料になります。 一致キーワード（practice）を、記事を読むときの観察メモとして使えます。 特に、不在、痕跡、記憶、静かな人の気配に注目すると撮影へ転用しやすいです。
Carrie Mae Weems: The Heart of the Matter,The Independent Photographer,https://independent-photo.com/news/carrie-mae-weems-heart-of-the-matter/,2026-06-29,写真集 (Photobook),The Heart,The Heart of the Matter,ファインアート・ストリート (Fine Art Street),monograph,9.90,写真集、モノグラフ、ZINE、出版社に関する語があり、作品が編集・順序・出版を通じて形になっている記事です。,ストリート写真を単発の1枚ではなく、写真集としてどう構成できるかを学ぶ材料になります。 一致キーワード（monograph）を、記事を読むときの観察メモとして使えます。 構図、色、写真の並び、展示文脈によって日常の街の素材が作品になる過程を見ると参考になります。
“Communism(s): A Cold War Album” by Arthur Grace,Burn Magazine,https://www.burnmagazine.org/essays/2023/01/communisms-a-cold-war-album-by-arthur-grace/,2023-01-24,その他 (Other),Arthur Grace,Communism(s): A Cold War Album,キャンディッド (Candid),daily life,9.45,一部のストリート写真関連シグナルには一致していますが、記事タイプの根拠は弱めです。,文脈把握として慎重に読み、作家・作品・写真集・展示・受賞との関係が見える場合だけ優先してください。 一致キーワード（daily life）を、記事を読むときの観察メモとして使えます。
Michael O. Snyder: Why This? Why Now? Why You?,Street Photography Magazine,https://streetphotographymagazine.com/michael-o-snyder-why-this-why-now-why-you/,2026-05-08,その他 (Other),Why You,Why This? Why Now? Why You?,静かな物語 (Silent Stories),なし,9.05,一部のストリート写真関連シグナルには一致していますが、記事タイプの根拠は弱めです。,文脈把握として慎重に読み、作家・作品・写真集・展示・受賞との関係が見える場合だけ優先してください。 特に、不在、痕跡、記憶、静かな人の気配に注目すると撮影へ転用しやすいです。
Kai Diaz: Wired to Document,Street Photography Magazine,https://streetphotographymagazine.com/kai-diaz-wired-to-document/,2026-04-24,その他 (Other),Kai Diaz,Wired to Document,静かな物語 (Silent Stories),なし,9.05,一部のストリート写真関連シグナルには一致していますが、記事タイプの根拠は弱めです。,文脈把握として慎重に読み、作家・作品・写真集・展示・受賞との関係が見える場合だけ優先してください。 特に、不在、痕跡、記憶、静かな人の気配に注目すると撮影へ転用しやすいです。
“Una Disperata Vitalità” by Ciro Battiloro,Burn Magazine,https://www.burnmagazine.org/essays/2023/06/una-disperata-vitalita-by-ciro-battiloro/,2023-06-21,その他 (Other),Ciro Battiloro,Una Disperata Vitalità,静かな物語 (Silent Stories),なし,9.05,一部のストリート写真関連シグナルには一致していますが、記事タイプの根拠は弱めです。,文脈把握として慎重に読み、作家・作品・写真集・展示・受賞との関係が見える場合だけ優先してください。 特に、不在、痕跡、記憶、静かな人の気配に注目すると撮影へ転用しやすいです。
“Things She Keeps in the Smoke” by Johann Bertelli,Burn Magazine,https://www.burnmagazine.org/essays/2023/06/things-she-keeps-in-the-smoke-by-johann-bertelli/,2023-06-01,その他 (Other),Johann Bertelli,Things She Keeps in the Smoke,静かな物語 (Silent Stories),なし,9.05,一部のストリート写真関連シグナルには一致していますが、記事タイプの根拠は弱めです。,文脈把握として慎重に読み、作家・作品・写真集・展示・受賞との関係が見える場合だけ優先してください。 特に、不在、痕跡、記憶、静かな人の気配に注目すると撮影へ転用しやすいです。
“Nebbia” by Alexander Bronfer,Burn Magazine,https://www.burnmagazine.org/essays/2023/04/nebbia-by-alexander-bronfer/,2023-04-30,その他 (Other),Alexander Bronfer,Nebbia,静かな物語 (Silent Stories),なし,9.05,一部のストリート写真関連シグナルには一致していますが、記事タイプの根拠は弱めです。,文脈把握として慎重に読み、作家・作品・写真集・展示・受賞との関係が見える場合だけ優先してください。 特に、不在、痕跡、記憶、静かな人の気配に注目すると撮影へ転用しやすいです。
“Semana Santa en los Pueblos Blancos” by Andrew Sullivan,Burn Magazine,https://www.burnmagazine.org/essays/2023/04/semana-santa-en-los-pueblos-blancos-by-andrew-sullivan/,2023-04-19,その他 (Other),Andrew Sullivan,Semana Santa en los Pueblos Blancos,静かな物語 (Silent Stories),なし,9.05,一部のストリート写真関連シグナルには一致していますが、記事タイプの根拠は弱めです。,文脈把握として慎重に読み、作家・作品・写真集・展示・受賞との関係が見える場合だけ優先してください。 特に、不在、痕跡、記憶、静かな人の気配に注目すると撮影へ転用しやすいです。
"“One, no one and fifty thousand” by Marc De Tollenaere",Burn Magazine,https://www.burnmagazine.org/essays/2023/04/one-no-one-and-fifty-thousand-by-marc-de-tollenaere/,2023-04-19,その他 (Other),Marc De Tollenaere,"One, no one and fifty thousand",静かな物語 (Silent Stories),なし,9.05,一部のストリート写真関連シグナルには一致していますが、記事タイプの根拠は弱めです。,文脈把握として慎重に読み、作家・作品・写真集・展示・受賞との関係が見える場合だけ優先してください。 特に、不在、痕跡、記憶、静かな人の気配に注目すると撮影へ転用しやすいです。
"“Borderlands, an American Journey” by Francesco Anselmi",Burn Magazine,https://www.burnmagazine.org/essays/2023/03/borderlands-an-american-journey-by-francesco-anselmi/,2023-03-05,その他 (Other),Francesco Anselmi,"Borderlands, an American Journey",静かな物語 (Silent Stories),なし,9.05,一部のストリート写真関連シグナルには一致していますが、記事タイプの根拠は弱めです。,文脈把握として慎重に読み、作家・作品・写真集・展示・受賞との関係が見える場合だけ優先してください。 特に、不在、痕跡、記憶、静かな人の気配に注目すると撮影へ転用しやすいです。
“Reaching for Dawn” by Elliott Verdier,Burn Magazine,https://www.burnmagazine.org/essays/2023/01/reaching-for-dawn-by-elliott-verdier/,2023-01-16,その他 (Other),Elliott Verdier,Reaching for Dawn,静かな物語 (Silent Stories),なし,9.05,一部のストリート写真関連シグナルには一致していますが、記事タイプの根拠は弱めです。,文脈把握として慎重に読み、作家・作品・写真集・展示・受賞との関係が見える場合だけ優先してください。 特に、不在、痕跡、記憶、静かな人の気配に注目すると撮影へ転用しやすいです。
Joel Smith's Essential Images from 'Hujar:Contact',MACK,https://mackbooks.co.uk/blogs/news/joel-smith-essential-images-peter-hujar-contact,2026-05-20,作家特集 (Photographer Feature),Joel Smith's Essential,s Essential Images from,静かな物語 (Silent Stories),feature,9.05,一般的な写真ニュースではなく、特定の作家やアーティストの視点・活動に焦点が当たっているため選びました。,一人の作家がどのように視点、被写体との距離、反復する関心を作っているかを見る材料になります。 一致キーワード（feature）を、記事を読むときの観察メモとして使えます。 特に、不在、痕跡、記憶、静かな人の気配に注目すると撮影へ転用しやすいです。
New exhibition spotlights the ongoing impact of Japanese Women Photographers,Huck,https://www.huckmag.com/article/exhibition-japanese-women-photographers-gallery,2026-06-24,展示 (Exhibition),Japanese Women Photographers,不明,ファインアート・ストリート (Fine Art Street),"exhibition, gallery",8.90,展示、ギャラリー、美術館に関する語があり、作品がどのように文脈化されているかを見られる記事です。,"キュレーション、写真の順番、展示サイズ、ストリート写真が空間体験になる方法を学ぶ材料になります。 一致キーワード（exhibition, gallery）を、記事を読むときの観察メモとして使えます。 構図、色、写真の並び、展示文脈によって日常の街の素材が作品になる過程を見ると参考になります。"
Silvana Trevale’s photographs of Venezuelan youth are a love letter to a generation growing up in uncertainty,It's Nice That,https://www.itsnicethat.com/articles/silvana-trevale-venezuelan-youth-photography-project-020726,2026-07-02,ポートフォリオ/シリーズ (Portfolio or Series),Silvana Trevale’s,不明,ファインアート・ストリート (Fine Art Street),"project, series",8.40,単発ニュースではなく、まとまった作品シリーズ、プロジェクト、ポートフォリオを紹介している可能性が高い記事です。,"反復するモチーフ、写真の並び、編集、1枚ずつの写真がどう意味を積み重ねるかを考える材料になります。 一致キーワード（project, series）を、記事を読むときの観察メモとして使えます。 構図、色、写真の並び、展示文脈によって日常の街の素材が作品になる過程を見ると参考になります。"
"In Mexico City, Two Exhibitions Blend Offbeat Humor and Sly Sensuality",Aperture,https://aperture.org/editorial/in-mexico-city-two-exhibitions-blend-offbeat-humor-and-sly-sensuality/,2026-06-25,その他 (Other),Sly Sensuality,不明,ユーモア/決定的瞬間 (Humor or Decisive Moment),"city, humor",8.10,一部のストリート写真関連シグナルには一致していますが、記事タイプの根拠は弱めです。,"文脈把握として慎重に読み、作家・作品・写真集・展示・受賞との関係が見える場合だけ優先してください。 一致キーワード（city, humor）を、記事を読むときの観察メモとして使えます。 すぐに撮って終わりにせず、タイミング、身振り、並置が揃う位置を探す練習になります。 タイミング、身振り、並置、瞬間が読み取れる立ち位置を観察すると撮影に活かせます。"
A Guide To July 2026 Photo Awards & Open Calls,PhMuseum,https://phmuseum.com/news/a-guide-to-july-2026-photo-awards-open-calls,不明,受賞/コンテスト結果 (Award or Contest Result),Open Calls,不明,静かな物語 (Silent Stories),"awards, guide",8.05,受賞、ファイナリスト、ショートリストなどの語があり、外部評価を受けた作品を確認できる記事です。,"審査で評価される主題、編集、視覚的な挑戦、現代のストリート写真表現を比較する材料になります。 一致キーワード（awards, guide）を、記事を読むときの観察メモとして使えます。 特に、不在、痕跡、記憶、静かな人の気配に注目すると撮影へ転用しやすいです。"
Things To Do At Les Rencontres D'Arles 2026 And Beyond,PhMuseum,https://phmuseum.com/news/things-to-do-at-les-rencontres-darles-2026-and-beyond,不明,受賞/コンテスト結果 (Award or Contest Result),And Beyond,不明,静かな物語 (Silent Stories),awards,8.05,受賞、ファイナリスト、ショートリストなどの語があり、外部評価を受けた作品を確認できる記事です。,審査で評価される主題、編集、視覚的な挑戦、現代のストリート写真表現を比較する材料になります。 一致キーワード（awards）を、記事を読むときの観察メモとして使えます。 特に、不在、痕跡、記憶、静かな人の気配に注目すると撮影へ転用しやすいです。
A Guide To July 2026 Photography Festivals & Exhibitions,PhMuseum,https://phmuseum.com/news/a-guide-to-july-2026-photography-festivals-exhibitions,不明,受賞/コンテスト結果 (Award or Contest Result),Photography Festivals,不明,静かな物語 (Silent Stories),"awards, guide",8.05,受賞、ファイナリスト、ショートリストなどの語があり、外部評価を受けた作品を確認できる記事です。,"審査で評価される主題、編集、視覚的な挑戦、現代のストリート写真表現を比較する材料になります。 一致キーワード（awards, guide）を、記事を読むときの観察メモとして使えます。 特に、不在、痕跡、記憶、静かな人の気配に注目すると撮影へ転用しやすいです。"
Atefe Moeini And Carlos Idun-Tawiah On The Politics Of Intimacy,PhMuseum,https://phmuseum.com/news/atefe-moeini-and-carlos-idun-tawiah-on-the-politics-of-intimacy,不明,受賞/コンテスト結果 (Award or Contest Result),The Politics Of,不明,静かな物語 (Silent Stories),awards,8.05,受賞、ファイナリスト、ショートリストなどの語があり、外部評価を受けた作品を確認できる記事です。,審査で評価される主題、編集、視覚的な挑戦、現代のストリート写真表現を比較する材料になります。 一致キーワード（awards）を、記事を読むときの観察メモとして使えます。 特に、不在、痕跡、記憶、静かな人の気配に注目すると撮影へ転用しやすいです。
A Guide To June 2026 Photo Awards & Open Calls,PhMuseum,https://phmuseum.com/news/a-guide-to-june-2026-photo-awards-open-calls,不明,受賞/コンテスト結果 (Award or Contest Result),Open Calls,不明,静かな物語 (Silent Stories),"awards, guide",8.05,受賞、ファイナリスト、ショートリストなどの語があり、外部評価を受けた作品を確認できる記事です。,"審査で評価される主題、編集、視覚的な挑戦、現代のストリート写真表現を比較する材料になります。 一致キーワード（awards, guide）を、記事を読むときの観察メモとして使えます。 特に、不在、痕跡、記憶、静かな人の気配に注目すると撮影へ転用しやすいです。"
Zig Jackson Won’t Let Native America Be Forgotten,Aperture,https://aperture.org/editorial/zig-jackson-wont-let-native-america-be-forgotten/,2026-06-25,作家特集 (Photographer Feature),Be Forgotten,不明,都市風景 (Urban Landscape),"landscape, photographer",8.00,一般的な写真ニュースではなく、特定の作家やアーティストの視点・活動に焦点が当たっているため選びました。,"一人の作家がどのように視点、被写体との距離、反復する関心を作っているかを見る材料になります。 一致キーワード（landscape, photographer）を、記事を読むときの観察メモとして使えます。 公共空間、サイン、幾何学的な構成、人が都市の画面をどう動かすかを見ると応用しやすいです。"
How Tiquismiquis Club brought rhythm and scale to Odda’s 700-page issue,It's Nice That,https://www.itsnicethat.com/articles/tiquismiquis-club-odda-graphic-design-project-300626,2026-06-30,ポートフォリオ/シリーズ (Portfolio or Series),How Tiquismiquis Club,不明,ファインアート・ストリート (Fine Art Street),project,7.65,単発ニュースではなく、まとまった作品シリーズ、プロジェクト、ポートフォリオを紹介している可能性が高い記事です。,反復するモチーフ、写真の並び、編集、1枚ずつの写真がどう意味を積み重ねるかを考える材料になります。 一致キーワード（project）を、記事を読むときの観察メモとして使えます。 構図、色、写真の並び、展示文脈によって日常の街の素材が作品になる過程を見ると参考になります。
9 Exhibitions to See This Summer,Aperture,https://aperture.org/editorial/9-exhibitions-to-see-this-summer-2026/,2026-06-12,その他 (Other),See This Summer,不明,ストリートファッション (Street Fashion),fashion,7.40,一部のストリート写真関連シグナルには一致していますが、記事タイプの根拠は弱めです。,文脈把握として慎重に読み、作家・作品・写真集・展示・受賞との関係が見える場合だけ優先してください。 一致キーワード（fashion）を、記事を読むときの観察メモとして使えます。
Black & White Award,The Independent Photographer,https://independent-photo.com/news/blackwhite-award-2026/,2026-06-12,受賞/コンテスト結果 (Award or Contest Result),White Award,不明,静かな物語 (Silent Stories),award,7.05,受賞、ファイナリスト、ショートリストなどの語があり、外部評価を受けた作品を確認できる記事です。,審査で評価される主題、編集、視覚的な挑戦、現代のストリート写真表現を比較する材料になります。 一致キーワード（award）を、記事を読むときの観察メモとして使えます。 特に、不在、痕跡、記憶、静かな人の気配に注目すると撮影へ転用しやすいです。
The Making of a Photo Book Course,Street Photography Magazine,https://streetphotographymagazine.com/the-making-of-a-photo-book-course/,2026-07-03,写真集 (Photobook),Photo Book Course,不明,静かな物語 (Silent Stories),photo book,7.05,写真集、モノグラフ、ZINE、出版社に関する語があり、作品が編集・順序・出版を通じて形になっている記事です。,ストリート写真を単発の1枚ではなく、写真集としてどう構成できるかを学ぶ材料になります。 一致キーワード（photo book）を、記事を読むときの観察メモとして使えます。 特に、不在、痕跡、記憶、静かな人の気配に注目すると撮影へ転用しやすいです。
Stories Beyond the Headlines with Nagamitsu Endo,Street Photography Magazine,https://streetphotographymagazine.com/stories-beyond-the-headlines-with-nagamitsu-endo/,2026-05-22,その他 (Other),Nagamitsu Endo,不明,静かな物語 (Silent Stories),なし,7.05,一部のストリート写真関連シグナルには一致していますが、記事タイプの根拠は弱めです。,文脈把握として慎重に読み、作家・作品・写真集・展示・受賞との関係が見える場合だけ優先してください。 特に、不在、痕跡、記憶、静かな人の気配に注目すると撮影へ転用しやすいです。
"Doug Bruns on Dry Spells, Discipline, and the Long Game",Street Photography Magazine,https://streetphotographymagazine.com/doug-bruns-on-dry-spells-discipline-and-the-long-game/,2026-03-27,その他 (Other),Long Game,不明,静かな物語 (Silent Stories),なし,7.05,一部のストリート写真関連シグナルには一致していますが、記事タイプの根拠は弱めです。,文脈把握として慎重に読み、作家・作品・写真集・展示・受賞との関係が見える場合だけ優先してください。 特に、不在、痕跡、記憶、静かな人の気配に注目すると撮影へ転用しやすいです。
Beautifully Ordinary Street Stories with Carmina Ripolles,Street Photography Magazine,https://streetphotographymagazine.com/beautifully-ordinary-street-stories-with-carmina-ripolles/,2026-03-13,その他 (Other),Carmina Ripolles,不明,静かな物語 (Silent Stories),なし,7.05,一部のストリート写真関連シグナルには一致していますが、記事タイプの根拠は弱めです。,文脈把握として慎重に読み、作家・作品・写真集・展示・受賞との関係が見える場合だけ優先してください。 特に、不在、痕跡、記憶、静かな人の気配に注目すると撮影へ転用しやすいです。
Collecting Moments with Michael Eugster,Street Photography Magazine,https://streetphotographymagazine.com/collecting-moments-with-michael-eugster/,2026-02-27,その他 (Other),Michael Eugster,不明,静かな物語 (Silent Stories),なし,7.05,一部のストリート写真関連シグナルには一致していますが、記事タイプの根拠は弱めです。,文脈把握として慎重に読み、作家・作品・写真集・展示・受賞との関係が見える場合だけ優先してください。 特に、不在、痕跡、記憶、静かな人の気配に注目すると撮影へ転用しやすいです。
25 Photobooks That Define America,Aperture,https://aperture.org/editorial/25-photobooks-that-define-america/,2026-07-01,その他 (Other),Photobooks That Define,不明,静かな物語 (Silent Stories),なし,7.05,一部のストリート写真関連シグナルには一致していますが、記事タイプの根拠は弱めです。,文脈把握として慎重に読み、作家・作品・写真集・展示・受賞との関係が見える場合だけ優先してください。 特に、不在、痕跡、記憶、静かな人の気配に注目すると撮影へ転用しやすいです。
Ishiuchi Miyako Manifests the Invisible,Aperture,https://aperture.org/editorial/ishiuchi-miyako-manifests-the-invisible/,2026-06-16,作家特集 (Photographer Feature),Ishiuchi Miyako Manifests,不明,静かな物語 (Silent Stories),photographer,7.05,一般的な写真ニュースではなく、特定の作家やアーティストの視点・活動に焦点が当たっているため選びました。,一人の作家がどのように視点、被写体との距離、反復する関心を作っているかを見る材料になります。 一致キーワード（photographer）を、記事を読むときの観察メモとして使えます。 特に、不在、痕跡、記憶、静かな人の気配に注目すると撮影へ転用しやすいです。
Photography News - PhMuseum,PhMuseum,https://phmuseum.com/news,不明,受賞/コンテスト結果 (Award or Contest Result),不明,PhMuseum,静かな物語 (Silent Stories),awards,7.05,受賞、ファイナリスト、ショートリストなどの語があり、外部評価を受けた作品を確認できる記事です。,審査で評価される主題、編集、視覚的な挑戦、現代のストリート写真表現を比較する材料になります。 一致キーワード（awards）を、記事を読むときの観察メモとして使えます。 特に、不在、痕跡、記憶、静かな人の気配に注目すると撮影へ転用しやすいです。
Eric Aydin-Barberini is throwing out the photographic rule book to make images that truly reflect his perspective as an artist,It's Nice That,https://www.itsnicethat.com/articles/eric-aydin-barberini-photography-discover-010726,2026-07-01,作家特集 (Photographer Feature),Eric Aydin-Barberini,不明,静かな物語 (Silent Stories),"artist, photographer",7.05,一般的な写真ニュースではなく、特定の作家やアーティストの視点・活動に焦点が当たっているため選びました。,"一人の作家がどのように視点、被写体との距離、反復する関心を作っているかを見る材料になります。 一致キーワード（artist, photographer）を、記事を読むときの観察メモとして使えます。 特に、不在、痕跡、記憶、静かな人の気配に注目すると撮影へ転用しやすいです。"
Book Launch: From Home to Home,The Photographers' Gallery,https://thephotographersgallery.org.uk/whats-on/book-launch-home-home,不明,写真集 (Photobook),From Home,From Home to Home,静かな物語 (Silent Stories),book launch,7.05,写真集、モノグラフ、ZINE、出版社に関する語があり、作品が編集・順序・出版を通じて形になっている記事です。,ストリート写真を単発の1枚ではなく、写真集としてどう構成できるかを学ぶ材料になります。 一致キーワード（book launch）を、記事を読むときの観察メモとして使えます。 特に、不在、痕跡、記憶、静かな人の気配に注目すると撮影へ転用しやすいです。
Loose Joints at ICP Photobookfest,Loose Joints,https://loosejoints.biz/blogs/news/loose-joints-at-icp-photobookfest,2026-04-29,その他 (Other),ICP Photobookfest,不明,静かな物語 (Silent Stories),なし,7.05,一部のストリート写真関連シグナルには一致していますが、記事タイプの根拠は弱めです。,文脈把握として慎重に読み、作家・作品・写真集・展示・受賞との関係が見える場合だけ優先してください。 特に、不在、痕跡、記憶、静かな人の気配に注目すると撮影へ転用しやすいです。
Hicham Benohoud Paris Signing,Loose Joints,https://loosejoints.biz/blogs/news/hicham-benohoud-paris-signing,2026-04-01,受賞/コンテスト結果 (Award or Contest Result),Hicham Benohoud Paris,不明,静かな物語 (Silent Stories),award,7.05,受賞、ファイナリスト、ショートリストなどの語があり、外部評価を受けた作品を確認できる記事です。,審査で評価される主題、編集、視覚的な挑戦、現代のストリート写真表現を比較する材料になります。 一致キーワード（award）を、記事を読むときの観察メモとして使えます。 特に、不在、痕跡、記憶、静かな人の気配に注目すると撮影へ転用しやすいです。
What's On | The Photographers Gallery,The Photographers' Gallery,https://thephotographersgallery.org.uk/whats-on,不明,展示 (Exhibition),The Photographers Gallery,不明,ファインアート・ストリート (Fine Art Street),gallery,5.90,展示、ギャラリー、美術館に関する語があり、作品がどのように文脈化されているかを見られる記事です。,キュレーション、写真の順番、展示サイズ、ストリート写真が空間体験になる方法を学ぶ材料になります。 一致キーワード（gallery）を、記事を読むときの観察メモとして使えます。 構図、色、写真の並び、展示文脈によって日常の街の素材が作品になる過程を見ると参考になります。
Autofoto photobooth at The Photographers' Gallery,The Photographers' Gallery,https://thephotographersgallery.org.uk/whats-on/autofoto-photobooth-photographers-gallery,不明,展示 (Exhibition),The Photographers' Gallery,不明,ファインアート・ストリート (Fine Art Street),gallery,5.90,展示、ギャラリー、美術館に関する語があり、作品がどのように文脈化されているかを見られる記事です。,キュレーション、写真の順番、展示サイズ、ストリート写真が空間体験になる方法を学ぶ材料になります。 一致キーワード（gallery）を、記事を読むときの観察メモとして使えます。 構図、色、写真の並び、展示文脈によって日常の街の素材が作品になる過程を見ると参考になります。
"Chance Encounters: Guido Guidi on ‘Di sguincio, 1969–81’",MACK,https://mackbooks.co.uk/blogs/news/chance-encounters-guido-guidi-on-di-sguincio-1969-81,2023-03-09,その他 (Other),Guido Guidi,"‘Di sguincio, 1969–81’",ストリートポートレート (Street Portrait),portraits,5.80,一部のストリート写真関連シグナルには一致していますが、記事タイプの根拠は弱めです。,文脈把握として慎重に読み、作家・作品・写真集・展示・受賞との関係が見える場合だけ優先してください。 一致キーワード（portraits）を、記事を読むときの観察メモとして使えます。
"Abdulhamid Kircher in conversation with We Are Safe Place, Paris",Loose Joints,https://loosejoints.biz/blogs/news/abdulhamid-kircher-in-conversation-with-we-are-safe-place-paris,2026-06-11,インタビュー (Interview),We Are Safe Place,不明,ストリートポートレート (Street Portrait),"conversation, in conversation, portrait",5.80,インタビュー形式のため、作家本人の考え方や制作プロセスが読める可能性が高い記事です。,"撮影習慣、よく扱う被写体、街で試せる判断基準を拾う材料になります。 一致キーワード（conversation, in conversation, portrait）を、記事を読むときの観察メモとして使えます。"
"Abdulhamid Kircher in conversation with Donna Ferrato, New York",Loose Joints,https://loosejoints.biz/blogs/news/abdulhamid-kircher-new-york,2026-04-07,インタビュー (Interview),Donna Ferrato,不明,ストリートポートレート (Street Portrait),"conversation, in conversation, portrait",5.80,インタビュー形式のため、作家本人の考え方や制作プロセスが読める可能性が高い記事です。,"撮影習慣、よく扱う被写体、街で試せる判断基準を拾う材料になります。 一致キーワード（conversation, in conversation, portrait）を、記事を読むときの観察メモとして使えます。"
Inside the 1980s NYC Art Scene with Bethany Jacobson,Street Photography Magazine,https://streetphotographymagazine.com/inside-the-1980s-nyc-art-scene-with-bethany-jacobson/,2026-04-10,インタビュー (Interview),Bethany Jacobson,不明,静かな物語 (Silent Stories),conversation,5.05,インタビュー形式のため、作家本人の考え方や制作プロセスが読める可能性が高い記事です。,撮影習慣、よく扱う被写体、街で試せる判断基準を拾う材料になります。 一致キーワード（conversation）を、記事を読むときの観察メモとして使えます。 特に、不在、痕跡、記憶、静かな人の気配に注目すると撮影へ転用しやすいです。
Las Calles: In the Spirit of Youth,Magnum Photos,https://www.magnumphotos.com/arts-culture/las-calles-in-the-spirit-of-youth/,2026-07-03,その他 (Other),Las Calles,In the Spirit of Youth,静かな物語 (Silent Stories),なし,5.05,一部のストリート写真関連シグナルには一致していますが、記事タイプの根拠は弱めです。,文脈把握として慎重に読み、作家・作品・写真集・展示・受賞との関係が見える場合だけ優先してください。 特に、不在、痕跡、記憶、静かな人の気配に注目すると撮影へ転用しやすいです。
Generation Z: Salih Basheer and Sudan,Magnum Photos,https://www.magnumphotos.com/newsroom/generation-z-salih-basheer-and-sudan/,2026-06-12,その他 (Other),Salih Basheer,Salih Basheer and Sudan,静かな物語 (Silent Stories),なし,5.05,一部のストリート写真関連シグナルには一致していますが、記事タイプの根拠は弱めです。,文脈把握として慎重に読み、作家・作品・写真集・展示・受賞との関係が見える場合だけ優先してください。 特に、不在、痕跡、記憶、静かな人の気配に注目すると撮影へ転用しやすいです。
Photography Culture,The Photographers' Gallery,https://thephotographersgallery.org.uk/photography-culture,不明,その他 (Other),Photography Culture,不明,静かな物語 (Silent Stories),なし,5.05,一部のストリート写真関連シグナルには一致していますが、記事タイプの根拠は弱めです。,文脈把握として慎重に読み、作家・作品・写真集・展示・受賞との関係が見える場合だけ優先してください。 特に、不在、痕跡、記憶、静かな人の気配に注目すると撮影へ転用しやすいです。
Soho Photography Quarter,The Photographers' Gallery,https://thephotographersgallery.org.uk/whats-on/ninagawa-mika-captive-blooms,不明,その他 (Other),Soho Photography Quarter,不明,静かな物語 (Silent Stories),なし,5.05,一部のストリート写真関連シグナルには一致していますが、記事タイプの根拠は弱めです。,文脈把握として慎重に読み、作家・作品・写真集・展示・受賞との関係が見える場合だけ優先してください。 特に、不在、痕跡、記憶、静かな人の気配に注目すると撮影へ転用しやすいです。
Members Only‚ Tours,The Photographers' Gallery,https://thephotographersgallery.org.uk/whats-on/members-tour-japanese-women-photographers-1950s-now,不明,その他 (Other),Members Only,不明,静かな物語 (Silent Stories),なし,5.05,一部のストリート写真関連シグナルには一致していますが、記事タイプの根拠は弱めです。,文脈把握として慎重に読み、作家・作品・写真集・展示・受賞との関係が見える場合だけ優先してください。 特に、不在、痕跡、記憶、静かな人の気配に注目すると撮影へ転用しやすいです。
Nothing old under the sun: Gianni Leone on Luigi Ghirri’s 'Puglia',MACK,https://mackbooks.co.uk/blogs/news/nothing-old-under-the-sun-gianni-leone-on-luigi-ghirri-s-puglia,2023-08-10,その他 (Other),Gianni Leone,Puglia,静かな物語 (Silent Stories),なし,5.05,一部のストリート写真関連シグナルには一致していますが、記事タイプの根拠は弱めです。,文脈把握として慎重に読み、作家・作品・写真集・展示・受賞との関係が見える場合だけ優先してください。 特に、不在、痕跡、記憶、静かな人の気配に注目すると撮影へ転用しやすいです。
Details and Dummies: Hal Foster on Thomas Demand’s ‘The Dailies’,MACK,https://mackbooks.co.uk/blogs/news/details-and-dummies-hal-foster-on-thomas-demand-s-the-dailies,2023-03-01,その他 (Other),Hal Foster,Thomas Demand’s ‘The Dailies’,静かな物語 (Silent Stories),なし,5.05,一部のストリート写真関連シグナルには一致していますが、記事タイプの根拠は弱めです。,文脈把握として慎重に読み、作家・作品・写真集・展示・受賞との関係が見える場合だけ優先してください。 特に、不在、痕跡、記憶、静かな人の気配に注目すると撮影へ転用しやすいです。
